,0,1,2,3,4,5,6,7,8,9,10,11,12,13,14
0,0.5277777777777778,1.0,0.0,0.0,0.75,0.0,0.9833333333333333,0.21666666666666667,1.0,1.0,1.0,0.9833333333333333,0.9333333333333333,0.8833333333333333,0.9333333333333333
1,0.5277777777777778,1.0,0.0,0.0,0.75,0.0,0.9833333333333333,0.21666666666666667,1.0,1.0,1.0,0.9833333333333333,0.9333333333333333,0.8833333333333333,0.9333333333333333
2,0.5277777777777778,1.0,0.0,0.0,0.75,0.0,0.9833333333333333,0.21666666666666667,1.0,1.0,1.0,0.9833333333333333,0.9333333333333333,0.8833333333333333,0.9333333333333333
3,0.5277777777777778,1.0,0.0,0.0,0.75,0.0,0.9833333333333333,0.21666666666666667,1.0,1.0,1.0,0.9833333333333333,0.9333333333333333,0.8833333333333333,0.9333333333333333
4,0.5277777777777778,1.0,0.0,0.0,0.75,0.0,0.9833333333333333,0.21666666666666667,1.0,1.0,1.0,0.9833333333333333,0.9333333333333333,0.8833333333333333,0.9333333333333333
5,0.5277777777777778,1.0,0.0,0.0,0.75,0.0,0.9833333333333333,0.21666666666666667,1.0,1.0,1.0,0.9833333333333333,0.9333333333333333,0.8833333333333333,0.9333333333333333
6,0.5277777777777778,1.0,0.0,0.0,0.75,0.0,0.9833333333333333,0.21666666666666667,1.0,1.0,1.0,0.9833333333333333,0.9333333333333333,0.8833333333333333,0.9333333333333333
7,0.5277777777777778,1.0,0.0,0.0,0.75,0.0,0.9833333333333333,0.21666666666666667,1.0,1.0,1.0,0.9833333333333333,0.9333333333333333,0.8833333333333333,0.9333333333333333
8,0.5277777777777778,1.0,0.0,0.0,0.75,0.0,0.9833333333333333,0.21666666666666667,1.0,1.0,1.0,0.9833333333333333,0.9333333333333333,0.8833333333333333,0.9333333333333333
9,0.5277777777777778,1.0,0.0,0.0,0.75,0.0,0.9833333333333333,0.21666666666666667,1.0,1.0,1.0,0.9833333333333333,0.9333333333333333,0.8833333333333333,0.9333333333333333
10,0.5277777777777778,1.0,0.0,0.0,0.75,0.0,0.9833333333333333,0.21666666666666667,1.0,1.0,1.0,0.9833333333333333,0.9333333333333333,0.8833333333333333,0.9333333333333333
11,0.5277777777777778,1.0,0.0,0.0,0.75,0.0,0.9833333333333333,0.21666666666666667,1.0,1.0,1.0,0.9833333333333333,0.9333333333333333,0.8833333333333333,0.9333333333333333
12,0.5277777777777778,1.0,0.0,0.0,0.75,0.0,0.9833333333333333,0.21666666666666667,1.0,1.0,1.0,0.9833333333333333,0.9333333333333333,0.8833333333333333,0.9333333333333333
13,0.5277777777777778,1.0,0.0,0.0,0.75,0.0,0.9833333333333333,0.21666666666666667,1.0,1.0,1.0,0.9833333333333333,0.9333333333333333,0.8833333333333333,0.9333333333333333
14,0.5277777777777778,1.0,0.0,0.0,0.75,0.0,0.9833333333333333,0.21666666666666667,1.0,1.0,1.0,0.9833333333333333,0.9333333333333333,0.8833333333333333,0.9333333333333333
15,0.5277777777777778,1.0,0.0,0.0,0.75,0.0,0.9833333333333333,0.21666666666666667,1.0,1.0,1.0,0.9833333333333333,0.9333333333333333,0.8833333333333333,0.9333333333333333
16,0.5277777777777778,1.0,0.0,0.0,0.75,0.0,0.9833333333333333,0.21666666666666667,1.0,1.0,1.0,0.9833333333333333,0.9333333333333333,0.8833333333333333,0.9333333333333333
17,0.5277777777777778,1.0,0.0,0.0,0.75,0.0,0.9833333333333333,0.21666666666666667,1.0,1.0,1.0,0.9833333333333333,0.9333333333333333,0.8833333333333333,0.9333333333333333
18,0.5277777777777778,1.0,0.0,0.0,0.75,0.0,0.9833333333333333,0.21666666666666667,1.0,1.0,1.0,0.9833333333333333,0.9333333333333333,0.8833333333333333,0.9333333333333333
19,0.5277777777777778,1.0,0.0,0.0,0.75,0.0,0.9833333333333333,0.21666666666666667,1.0,1.0,1.0,0.9833333333333333,0.9333333333333333,0.8833333333333333,0.9333333333333333
20,0.5277777777777778,1.0,0.0,0.0,0.75,0.0,0.9833333333333333,0.21666666666666667,1.0,1.0,1.0,0.9833333333333333,0.9333333333333333,0.8833333333333333,0.9333333333333333
21,0.5277777777777778,1.0,0.0,0.0,0.75,0.0,0.9833333333333333,0.21666666666666667,1.0,1.0,1.0,0.9833333333333333,0.9333333333333333,0.8833333333333333,0.9333333333333333
22,0.5277777777777778,1.0,0.0,0.0,0.75,0.0,0.9833333333333333,0.21666666666666667,1.0,1.0,1.0,0.9833333333333333,0.9333333333333333,0.8833333333333333,0.9333333333333333
23,0.5277777777777778,1.0,0.0,0.0,0.75,0.0,0.9833333333333333,0.21666666666666667,1.0,1.0,1.0,0.9833333333333333,0.9333333333333333,0.8833333333333333,0.9333333333333333
24,0.5277777777777778,1.0,0.0,0.0,0.75,0.0,0.9833333333333333,0.21666666666666667,1.0,1.0,1.0,0.9833333333333333,0.9333333333333333,0.8833333333333333,0.9333333333333333
25,0.5277777777777778,1.0,0.0,0.0,0.75,0.0,0.9833333333333333,0.21666666666666667,1.0,1.0,1.0,0.9833333333333333,0.9333333333333333,0.8833333333333333,0.9333333333333333
26,0.5277777777777778,1.0,0.0,0.0,0.75,0.0,0.9833333333333333,0.21666666666666667,1.0,1.0,1.0,0.9833333333333333,0.9333333333333333,0.8833333333333333,0.9333333333333333
27,0.5277777777777778,1.0,0.0,0.0,0.75,0.0,0.9833333333333333,0.21666666666666667,1.0,1.0,1.0,0.9833333333333333,0.9333333333333333,0.8833333333333333,0.9333333333333333
28,0.5277777777777778,1.0,0.0,0.0,0.75,0.0,0.9833333333333333,0.21666666666666667,1.0,1.0,1.0,0.9833333333333333,0.9333333333333333,0.8833333333333333,0.9333333333333333
29,0.5277777777777778,1.0,0.0,0.0,0.75,0.0,0.9833333333333333,0.21666666666666667,1.0,1.0,1.0,0.9833333333333333,0.9333333333333333,0.8833333333333333,0.9333333333333333
30,0.5277777777777778,1.0,0.0,0.0,0.75,0.0,0.9833333333333333,0.21666666666666667,1.0,1.0,1.0,0.9833333333333333,0.9333333333333333,0.8833333333333333,0.9333333333333333
31,0.5277777777777778,1.0,0.0,0.0,0.75,0.0,0.9833333333333333,0.21666666666666667,1.0,1.0,1.0,0.9833333333333333,0.9333333333333333,0.8833333333333333,0.9333333333333333
32,0.5277777777777778,1.0,0.0,0.0,0.75,0.0,0.9833333333333333,0.21666666666666667,1.0,1.0,1.0,0.9833333333333333,0.9333333333333333,0.8833333333333333,0.9333333333333333
33,0.5277777777777778,1.0,0.0,0.0,0.75,0.0,0.9833333333333333,0.21666666666666667,1.0,1.0,1.0,0.9833333333333333,0.9333333333333333,0.8833333333333333,0.9333333333333333
34,0.5277777777777778,1.0,0.0,0.0,0.75,0.0,0.9833333333333333,0.21666666666666667,1.0,1.0,1.0,0.9833333333333333,0.9333333333333333,0.8833333333333333,0.9333333333333333
35,0.5277777777777778,1.0,0.0,0.0,0.75,0.0,0.9833333333333333,0.21666666666666667,1.0,1.0,1.0,0.9833333333333333,0.9333333333333333,0.8833333333333333,0.9333333333333333
36,0.5277777777777778,1.0,0.0,0.0,0.75,0.0,0.9833333333333333,0.21666666666666667,1.0,1.0,1.0,0.9833333333333333,0.9333333333333333,0.8833333333333333,0.9333333333333333
37,0.5277777777777778,1.0,0.0,0.0,0.75,0.0,0.9833333333333333,0.21666666666666667,1.0,1.0,1.0,0.9833333333333333,0.9333333333333333,0.8833333333333333,0.9333333333333333
38,0.5277777777777778,1.0,0.0,0.0,0.75,0.0,0.9833333333333333,0.21666666666666667,1.0,1.0,1.0,0.9833333333333333,0.9333333333333333,0.8833333333333333,0.9333333333333333
39,0.5277777777777778,1.0,0.0,0.0,0.75,0.0,0.9833333333333333,0.21666666666666667,1.0,1.0,1.0,0.9833333333333333,0.9333333333333333,0.8833333333333333,0.9333333333333333
40,0.5277777777777778,1.0,0.0,0.0,0.75,0.0,0.9833333333333333,0.21666666666666667,1.0,1.0,1.0,0.9833333333333333,0.9333333333333333,0.8833333333333333,0.9333333333333333
41,0.5277777777777778,1.0,0.0,0.0,0.75,0.0,0.9833333333333333,0.21666666666666667,1.0,1.0,1.0,0.9833333333333333,0.9333333333333333,0.8833333333333333,0.9333333333333333
42,0.5277777777777778,1.0,0.0,0.0,0.75,0.0,0.9833333333333333,0.21666666666666667,1.0,1.0,1.0,0.9833333333333333,0.9333333333333333,0.8833333333333333,0.9333333333333333
43,0.5277777777777778,1.0,0.0,0.0,0.75,0.0,0.9833333333333333,0.21666666666666667,1.0,1.0,1.0,0.9833333333333333,0.9333333333333333,0.8833333333333333,0.9333333333333333
44,0.5277777777777778,1.0,0.0,0.0,0.75,0.0,0.9833333333333333,0.21666666666666667,1.0,1.0,1.0,0.9833333333333333,0.9333333333333333,0.8833333333333333,0.9333333333333333
45,0.5277777777777778,1.0,0.0,0.0,0.75,0.0,0.9833333333333333,0.21666666666666667,1.0,1.0,1.0,0.9833333333333333,0.9333333333333333,0.8833333333333333,0.9333333333333333
46,0.5277777777777778,1.0,0.0,0.0,0.75,0.0,0.9833333333333333,0.21666666666666667,1.0,1.0,1.0,0.9833333333333333,0.9333333333333333,0.8833333333333333,0.9333333333333333
47,0.5277777777777778,1.0,0.0,0.0,0.75,0.0,0.9833333333333333,0.21666666666666667,1.0,1.0,1.0,0.9833333333333333,0.9333333333333333,0.8833333333333333,0.9333333333333333
48,0.5277777777777778,1.0,0.0,0.0,0.75,0.0,0.9833333333333333,0.21666666666666667,1.0,1.0,1.0,0.9833333333333333,0.9333333333333333,0.8833333333333333,0.9333333333333333
49,0.5277777777777778,1.0,0.0,0.0,0.75,0.0,0.9833333333333333,0.21666666666666667,1.0,1.0,1.0,0.9833333333333333,0.9333333333333333,0.8833333333333333,0.9333333333333333
50,0.5277777777777778,1.0,0.0,0.0,0.75,0.0,0.9833333333333333,0.21666666666666667,1.0,1.0,1.0,0.9833333333333333,0.9333333333333333,0.8833333333333333,0.9333333333333333
51,0.5277777777777778,1.0,0.0,0.0,0.75,0.0,0.9833333333333333,0.21666666666666667,1.0,1.0,1.0,0.9833333333333333,0.9333333333333333,0.8833333333333333,0.9333333333333333
52,0.5277777777777778,1.0,0.0,0.0,0.75,0.0,0.9833333333333333,0.21666666666666667,1.0,1.0,1.0,0.9833333333333333,0.9333333333333333,0.8833333333333333,0.9333333333333333
53,0.5277777777777778,1.0,0.0,0.0,0.75,0.0,0.9833333333333333,0.21666666666666667,1.0,1.0,1.0,0.9833333333333333,0.9333333333333333,0.8833333333333333,0.9333333333333333
54,0.5277777777777778,1.0,0.0,0.0,0.75,0.0,0.9833333333333333,0.21666666666666667,1.0,1.0,1.0,0.9833333333333333,0.9333333333333333,0.8833333333333333,0.9333333333333333
55,0.5277777777777778,1.0,0.0,0.0,0.75,0.0,0.9833333333333333,0.21666666666666667,1.0,1.0,1.0,0.9833333333333333,0.9333333333333333,0.8833333333333333,0.9333333333333333
56,0.5277777777777778,1.0,0.0,0.0,0.75,0.0,0.9833333333333333,0.21666666666666667,1.0,1.0,1.0,0.9833333333333333,0.9333333333333333,0.8833333333333333,0.9333333333333333
57,0.5277777777777778,1.0,0.0,0.0,0.75,0.0,0.9833333333333333,0.21666666666666667,1.0,1.0,1.0,0.9833333333333333,0.9333333333333333,0.8833333333333333,0.9333333333333333
58,0.5277777777777778,1.0,0.0,0.0,0.75,0.0,0.9833333333333333,0.21666666666666667,1.0,1.0,1.0,0.9833333333333333,0.9333333333333333,0.8833333333333333,0.9333333333333333
59,0.5277777777777778,1.0,0.0,0.0,0.75,0.0,0.9833333333333333,0.21666666666666667,1.0,1.0,1.0,0.9833333333333333,0.9333333333333333,0.8833333333333333,0.9333333333333333
60,0.5277777777777778,1.0,0.0,0.0,0.75,0.0,0.9833333333333333,0.21666666666666667,1.0,1.0,1.0,0.9833333333333333,0.9333333333333333,0.8833333333333333,0.9333333333333333
61,0.5277777777777778,1.0,0.0,0.0,0.75,0.0,0.9833333333333333,0.21666666666666667,1.0,1.0,1.0,0.9833333333333333,0.9333333333333333,0.8833333333333333,0.9333333333333333
62,0.5277777777777778,1.0,0.0,0.0,0.75,0.0,0.9833333333333333,0.21666666666666667,1.0,1.0,1.0,0.9833333333333333,0.9333333333333333,0.8833333333333333,0.9333333333333333
63,0.5277777777777778,1.0,0.0,0.0,0.75,0.0,0.9833333333333333,0.21666666666666667,1.0,1.0,1.0,0.9833333333333333,0.9333333333333333,0.8833333333333333,0.9333333333333333
64,0.5277777777777778,1.0,0.0,0.0,0.75,0.0,0.9833333333333333,0.21666666666666667,1.0,1.0,1.0,0.9833333333333333,0.9333333333333333,0.8833333333333333,0.9333333333333333
65,0.5277777777777778,1.0,0.0,0.0,0.75,0.0,0.9833333333333333,0.21666666666666667,1.0,1.0,1.0,0.9833333333333333,0.9333333333333333,0.8833333333333333,0.9333333333333333
66,0.5277777777777778,1.0,0.0,0.0,0.75,0.0,0.9833333333333333,0.21666666666666667,1.0,1.0,1.0,0.9833333333333333,0.9333333333333333,0.8833333333333333,0.9333333333333333
67,0.5277777777777778,1.0,0.0,0.0,0.75,0.0,0.9833333333333333,0.21666666666666667,1.0,1.0,1.0,0.9833333333333333,0.9333333333333333,0.8833333333333333,0.9333333333333333
68,0.5277777777777778,1.0,0.0,0.0,0.75,0.0,0.9833333333333333,0.21666666666666667,1.0,1.0,1.0,0.9833333333333333,0.9333333333333333,0.8833333333333333,0.9333333333333333
69,0.5277777777777778,1.0,0.0,0.0,0.75,0.0,0.9833333333333333,0.21666666666666667,1.0,1.0,1.0,0.9833333333333333,0.9333333333333333,0.8833333333333333,0.9333333333333333
70,0.5277777777777778,1.0,0.0,0.0,0.75,0.0,0.9833333333333333,0.21666666666666667,1.0,1.0,1.0,0.9833333333333333,0.9333333333333333,0.8833333333333333,0.9333333333333333
71,0.5277777777777778,1.0,0.0,0.0,0.75,0.0,0.9833333333333333,0.21666666666666667,1.0,1.0,1.0,0.9833333333333333,0.9333333333333333,0.8833333333333333,0.9333333333333333
72,0.5277777777777778,1.0,0.0,0.0,0.75,0.0,0.9833333333333333,0.21666666666666667,1.0,1.0,1.0,0.9833333333333333,0.9333333333333333,0.8833333333333333,0.9333333333333333
73,0.5277777777777778,1.0,0.0,0.0,0.75,0.0,0.9833333333333333,0.21666666666666667,1.0,1.0,1.0,0.9833333333333333,0.9333333333333333,0.8833333333333333,0.9333333333333333
74,0.5277777777777778,1.0,0.0,0.0,0.75,0.0,0.9833333333333333,0.21666666666666667,1.0,1.0,1.0,0.9833333333333333,0.9333333333333333,0.8833333333333333,0.9333333333333333
75,0.5277777777777778,1.0,0.0,0.0,0.75,0.0,0.9833333333333333,0.21666666666666667,1.0,1.0,1.0,0.9833333333333333,0.9333333333333333,0.8833333333333333,0.9333333333333333
76,0.5277777777777778,1.0,0.0,0.0,0.75,0.0,0.9833333333333333,0.21666666666666667,1.0,1.0,1.0,0.9833333333333333,0.9333333333333333,0.8833333333333333,0.9333333333333333
77,0.5277777777777778,1.0,0.0,0.0,0.75,0.0,0.9833333333333333,0.21666666666666667,1.0,1.0,1.0,0.9833333333333333,0.9333333333333333,0.8833333333333333,0.9333333333333333
78,0.5277777777777778,1.0,0.0,0.0,0.75,0.0,0.9833333333333333,0.21666666666666667,1.0,1.0,1.0,0.9833333333333333,0.9333333333333333,0.8833333333333333,0.9333333333333333
79,0.5277777777777778,1.0,0.0,0.0,0.75,0.0,0.9833333333333333,0.21666666666666667,1.0,1.0,1.0,0.9833333333333333,0.9333333333333333,0.8833333333333333,0.9333333333333333
80,0.5277777777777778,1.0,0.0,0.0,0.75,0.0,0.9833333333333333,0.21666666666666667,1.0,1.0,1.0,0.9833333333333333,0.9333333333333333,0.8833333333333333,0.9333333333333333
81,0.5277777777777778,1.0,0.0,0.0,0.75,0.0,0.9833333333333333,0.21666666666666667,1.0,1.0,1.0,0.9833333333333333,0.9333333333333333,0.8833333333333333,0.9333333333333333
82,0.5277777777777778,1.0,0.0,0.0,0.75,0.0,0.9833333333333333,0.21666666666666667,1.0,1.0,1.0,0.9833333333333333,0.9333333333333333,0.8833333333333333,0.9333333333333333
83,0.5277777777777778,1.0,0.0,0.0,0.75,0.0,0.9833333333333333,0.21666666666666667,1.0,1.0,1.0,0.9833333333333333,0.9333333333333333,0.8833333333333333,0.9333333333333333
84,0.5277777777777778,1.0,0.0,0.0,0.75,0.0,0.9833333333333333,0.21666666666666667,1.0,1.0,1.0,0.9833333333333333,0.9333333333333333,0.8833333333333333,0.9333333333333333
85,0.5277777777777778,1.0,0.0,0.0,0.75,0.0,0.9833333333333333,0.21666666666666667,1.0,1.0,1.0,0.9833333333333333,0.9333333333333333,0.8833333333333333,0.9333333333333333
86,0.5277777777777778,1.0,0.0,0.0,0.75,0.0,0.9833333333333333,0.21666666666666667,1.0,1.0,1.0,0.9833333333333333,0.9333333333333333,0.8833333333333333,0.9333333333333333
87,0.5277777777777778,1.0,0.0,0.0,0.75,0.0,0.9833333333333333,0.21666666666666667,1.0,1.0,1.0,0.9833333333333333,0.9333333333333333,0.8833333333333333,0.9333333333333333
88,0.5277777777777778,1.0,0.0,0.0,0.75,0.0,0.9833333333333333,0.21666666666666667,1.0,1.0,1.0,0.9833333333333333,0.9333333333333333,0.8833333333333333,0.9333333333333333
89,0.5277777777777778,1.0,0.0,0.0,0.75,0.0,0.9833333333333333,0.21666666666666667,1.0,1.0,1.0,0.9833333333333333,0.9333333333333333,0.8833333333333333,0.9333333333333333
90,0.5277777777777778,1.0,0.0,0.0,0.75,0.0,0.9833333333333333,0.21666666666666667,1.0,1.0,1.0,0.9833333333333333,0.9333333333333333,0.8833333333333333,0.9333333333333333
91,0.5277777777777778,1.0,0.0,0.0,0.75,0.0,0.9833333333333333,0.21666666666666667,1.0,1.0,1.0,0.9833333333333333,0.9333333333333333,0.8833333333333333,0.9333333333333333
92,0.5277777777777778,1.0,0.0,0.0,0.75,0.0,0.9833333333333333,0.21666666666666667,1.0,1.0,1.0,0.9833333333333333,0.9333333333333333,0.8833333333333333,0.9333333333333333
93,0.5277777777777778,1.0,0.0,0.0,0.75,0.0,0.9833333333333333,0.21666666666666667,1.0,1.0,1.0,0.9833333333333333,0.9333333333333333,0.8833333333333333,0.9333333333333333
94,0.5277777777777778,1.0,0.0,0.0,0.75,0.0,0.9833333333333333,0.21666666666666667,1.0,1.0,1.0,0.9833333333333333,0.9333333333333333,0.8833333333333333,0.9333333333333333
95,0.5277777777777778,1.0,0.0,0.0,0.75,0.0,0.9833333333333333,0.21666666666666667,1.0,1.0,1.0,0.9833333333333333,0.9333333333333333,0.8833333333333333,0.9333333333333333
96,0.5277777777777778,1.0,0.0,0.0,0.75,0.0,0.9833333333333333,0.21666666666666667,1.0,1.0,1.0,0.9833333333333333,0.9333333333333333,0.8833333333333333,0.9333333333333333
97,0.5277777777777778,1.0,0.0,0.0,0.75,0.0,0.9833333333333333,0.21666666666666667,1.0,1.0,1.0,0.9833333333333333,0.9333333333333333,0.8833333333333333,0.9333333333333333
98,0.5277777777777778,1.0,0.0,0.0,0.75,0.0,0.9833333333333333,0.21666666666666667,1.0,1.0,1.0,0.9833333333333333,0.9333333333333333,0.8833333333333333,0.9333333333333333
99,0.5277777777777778,1.0,0.0,0.0,0.75,0.0,0.9833333333333333,0.21666666666666667,1.0,1.0,1.0,0.9833333333333333,0.9333333333333333,0.8833333333333333,0.9333333333333333
100,0.5277777777777778,1.0,0.0,0.0,0.75,0.0,0.9833333333333333,0.21666666666666667,1.0,1.0,1.0,0.9833333333333333,0.9333333333333333,0.8833333333333333,0.9333333333333333
101,0.5277777777777778,1.0,0.0,0.0,0.75,0.0,0.9833333333333333,0.21666666666666667,1.0,1.0,1.0,0.9833333333333333,0.9333333333333333,0.8833333333333333,0.9333333333333333
102,0.5277777777777778,1.0,0.0,0.0,0.75,0.0,0.9833333333333333,0.21666666666666667,1.0,1.0,1.0,0.9833333333333333,0.9333333333333333,0.8833333333333333,0.9333333333333333
103,0.5277777777777778,1.0,0.0,0.0,0.75,0.0,0.9833333333333333,0.21666666666666667,1.0,1.0,1.0,0.9833333333333333,0.9333333333333333,0.8833333333333333,0.9333333333333333
104,0.5277777777777778,1.0,0.0,0.0,0.75,0.0,0.9833333333333333,0.21666666666666667,1.0,1.0,1.0,0.9833333333333333,0.9333333333333333,0.8833333333333333,0.9333333333333333
105,0.5277777777777778,1.0,0.0,0.0,0.75,0.0,0.9833333333333333,0.21666666666666667,1.0,1.0,1.0,0.9833333333333333,0.9333333333333333,0.8833333333333333,0.9333333333333333
106,0.5277777777777778,1.0,0.0,0.0,0.75,0.0,0.9833333333333333,0.21666666666666667,1.0,1.0,1.0,0.9833333333333333,0.9333333333333333,0.8833333333333333,0.9333333333333333
107,0.5277777777777778,1.0,0.0,0.0,0.75,0.0,0.9833333333333333,0.21666666666666667,1.0,1.0,1.0,0.9833333333333333,0.9333333333333333,0.8833333333333333,0.9333333333333333
108,0.5277777777777778,1.0,0.0,0.0,0.75,0.0,0.9833333333333333,0.21666666666666667,1.0,1.0,1.0,0.9833333333333333,0.9333333333333333,0.8833333333333333,0.9333333333333333
109,0.5277777777777778,1.0,0.0,0.0,0.75,0.0,0.9833333333333333,0.21666666666666667,1.0,1.0,1.0,0.9833333333333333,0.9333333333333333,0.8833333333333333,0.9333333333333333
110,0.5277777777777778,1.0,0.0,0.0,0.75,0.0,0.9833333333333333,0.21666666666666667,1.0,1.0,1.0,0.9833333333333333,0.9333333333333333,0.8833333333333333,0.9333333333333333
111,0.5277777777777778,1.0,0.0,0.0,0.75,0.0,0.9833333333333333,0.21666666666666667,1.0,1.0,1.0,0.9833333333333333,0.9333333333333333,0.8833333333333333,0.9333333333333333
112,0.5277777777777778,1.0,0.0,0.0,0.75,0.0,0.9833333333333333,0.21666666666666667,1.0,1.0,1.0,0.9833333333333333,0.9333333333333333,0.8833333333333333,0.9333333333333333
113,0.5277777777777778,1.0,0.0,0.0,0.75,0.0,0.9833333333333333,0.21666666666666667,1.0,1.0,1.0,0.9833333333333333,0.9333333333333333,0.8833333333333333,0.9333333333333333
114,0.5277777777777778,1.0,0.0,0.0,0.75,0.0,0.9833333333333333,0.21666666666666667,1.0,1.0,1.0,0.9833333333333333,0.9333333333333333,0.8833333333333333,0.9333333333333333
115,0.5277777777777778,1.0,0.0,0.0,0.75,0.0,0.9833333333333333,0.21666666666666667,1.0,1.0,1.0,0.9833333333333333,0.9333333333333333,0.8833333333333333,0.9333333333333333
116,0.5277777777777778,1.0,0.0,0.0,0.75,0.0,0.9833333333333333,0.21666666666666667,1.0,1.0,1.0,0.9833333333333333,0.9333333333333333,0.8833333333333333,0.9333333333333333
117,0.5277777777777778,1.0,0.0,0.0,0.75,0.0,0.9833333333333333,0.21666666666666667,1.0,1.0,1.0,0.9833333333333333,0.9333333333333333,0.8833333333333333,0.9333333333333333
118,0.5277777777777778,1.0,0.0,0.0,0.75,0.0,0.9833333333333333,0.21666666666666667,1.0,1.0,1.0,0.9833333333333333,0.9333333333333333,0.8833333333333333,0.9333333333333333
119,0.5277777777777778,1.0,0.0,0.0,0.75,0.0,0.9833333333333333,0.21666666666666667,1.0,1.0,1.0,0.9833333333333333,0.9333333333333333,0.8833333333333333,0.9333333333333333
120,0.5277777777777778,1.0,0.0,0.0,0.75,0.0,0.9833333333333333,0.21666666666666667,1.0,1.0,1.0,0.9833333333333333,0.9333333333333333,0.8833333333333333,0.9333333333333333
121,0.5277777777777778,1.0,0.0,0.0,0.75,0.0,0.9833333333333333,0.21666666666666667,1.0,1.0,1.0,0.9833333333333333,0.9333333333333333,0.8833333333333333,0.9333333333333333
122,0.5277777777777778,1.0,0.0,0.0,0.75,0.0,0.9833333333333333,0.21666666666666667,1.0,1.0,1.0,0.9833333333333333,0.9333333333333333,0.8833333333333333,0.9333333333333333
123,0.5277777777777778,1.0,0.0,0.0,0.75,0.0,0.9833333333333333,0.21666666666666667,1.0,1.0,1.0,0.9833333333333333,0.9333333333333333,0.8833333333333333,0.9333333333333333
124,0.5277777777777778,1.0,0.0,0.0,0.75,0.0,0.9833333333333333,0.21666666666666667,1.0,1.0,1.0,0.9833333333333333,0.9333333333333333,0.8833333333333333,0.9333333333333333
125,0.5277777777777778,1.0,0.0,0.0,0.75,0.0,0.9833333333333333,0.21666666666666667,1.0,1.0,1.0,0.9833333333333333,0.9333333333333333,0.8833333333333333,0.9333333333333333
126,0.5277777777777778,1.0,0.0,0.0,0.75,0.0,0.9833333333333333,0.21666666666666667,1.0,1.0,1.0,0.9833333333333333,0.9333333333333333,0.8833333333333333,0.9333333333333333
127,0.5277777777777778,1.0,0.0,0.0,0.75,0.0,0.9833333333333333,0.21666666666666667,1.0,1.0,1.0,0.9833333333333333,0.9333333333333333,0.8833333333333333,0.9333333333333333
128,0.5277777777777778,1.0,0.0,0.0,0.75,0.0,0.9833333333333333,0.21666666666666667,1.0,1.0,1.0,0.9833333333333333,0.9333333333333333,0.8833333333333333,0.9333333333333333
129,0.5277777777777778,1.0,0.0,0.0,0.75,0.0,0.9833333333333333,0.21666666666666667,1.0,1.0,1.0,0.9833333333333333,0.9333333333333333,0.8833333333333333,0.9333333333333333
130,0.5277777777777778,1.0,0.0,0.0,0.75,0.0,0.9833333333333333,0.21666666666666667,1.0,1.0,1.0,0.9833333333333333,0.9333333333333333,0.8833333333333333,0.9333333333333333
131,0.5277777777777778,1.0,0.0,0.0,0.75,0.0,0.9833333333333333,0.21666666666666667,1.0,1.0,1.0,0.9833333333333333,0.9333333333333333,0.8833333333333333,0.9333333333333333
132,0.5277777777777778,1.0,0.0,0.0,0.75,0.0,0.9833333333333333,0.21666666666666667,1.0,1.0,1.0,0.9833333333333333,0.9333333333333333,0.8833333333333333,0.9333333333333333
133,0.5277777777777778,1.0,0.0,0.0,0.75,0.0,0.9833333333333333,0.21666666666666667,1.0,1.0,1.0,0.9833333333333333,0.9333333333333333,0.8833333333333333,0.9333333333333333
134,0.5277777777777778,1.0,0.0,0.0,0.75,0.0,0.9833333333333333,0.21666666666666667,1.0,1.0,1.0,0.9833333333333333,0.9333333333333333,0.8833333333333333,0.9333333333333333
135,0.5277777777777778,1.0,0.0,0.0,0.75,0.0,0.9833333333333333,0.21666666666666667,1.0,1.0,1.0,0.9833333333333333,0.9333333333333333,0.8833333333333333,0.9333333333333333
136,0.5277777777777778,1.0,0.0,0.0,0.75,0.0,0.9833333333333333,0.21666666666666667,1.0,1.0,1.0,0.9833333333333333,0.9333333333333333,0.8833333333333333,0.9333333333333333
137,0.5277777777777778,1.0,0.0,0.0,0.75,0.0,0.9833333333333333,0.21666666666666667,1.0,1.0,1.0,0.9833333333333333,0.9333333333333333,0.8833333333333333,0.9333333333333333
138,0.5277777777777778,1.0,0.0,0.0,0.75,0.0,0.9833333333333333,0.21666666666666667,1.0,1.0,1.0,0.9833333333333333,0.9333333333333333,0.8833333333333333,0.9333333333333333
139,0.5277777777777778,1.0,0.0,0.0,0.75,0.0,0.9833333333333333,0.21666666666666667,1.0,1.0,1.0,0.9833333333333333,0.9333333333333333,0.8833333333333333,0.9333333333333333
140,0.5277777777777778,1.0,0.0,0.0,0.75,0.0,0.9833333333333333,0.21666666666666667,1.0,1.0,1.0,0.9833333333333333,0.9333333333333333,0.8833333333333333,0.9333333333333333
0,1.0,1.0,0.0,0.5,0.5,0.5,0.9666666666666667,0.75,1.0,1.0,1.0,0.9333333333333333,0.6666666666666664,0.9333333333333333,0.9555555555555557
1,1.0,1.0,0.0,0.5,0.5,0.5,0.9666666666666667,0.75,1.0,1.0,1.0,0.9333333333333333,0.6666666666666664,0.9333333333333333,0.9555555555555557
2,1.0,1.0,0.0,0.5,0.5,0.5,0.9666666666666667,0.75,1.0,1.0,1.0,0.9333333333333333,0.6666666666666664,0.9333333333333333,0.9555555555555557
3,1.0,1.0,0.0,0.5,0.5,0.5,0.9666666666666667,0.75,1.0,1.0,1.0,0.9333333333333333,0.6666666666666664,0.9333333333333333,0.9555555555555557
4,1.0,1.0,0.0,0.5,0.5,0.5,0.9666666666666667,0.75,1.0,1.0,1.0,0.9333333333333333,0.6666666666666664,0.9333333333333333,0.9555555555555557
5,1.0,1.0,0.0,0.5,0.5,0.5,0.9666666666666667,0.75,1.0,1.0,1.0,0.9333333333333333,0.6666666666666664,0.9333333333333333,0.9555555555555557
6,1.0,1.0,0.0,0.5,0.5,0.5,0.9666666666666667,0.75,1.0,1.0,1.0,0.9333333333333333,0.6666666666666664,0.9333333333333333,0.9555555555555557
7,1.0,1.0,0.0,0.5,0.5,0.5,0.9666666666666667,0.75,1.0,1.0,1.0,0.9333333333333333,0.6666666666666664,0.9333333333333333,0.9555555555555557
8,1.0,1.0,0.0,0.5,0.5,0.5,0.9666666666666667,0.75,1.0,1.0,1.0,0.9333333333333333,0.6666666666666664,0.9333333333333333,0.9555555555555557
9,1.0,1.0,0.0,0.5,0.5,0.5,0.9666666666666667,0.75,1.0,1.0,1.0,0.9333333333333333,0.6666666666666664,0.9333333333333333,0.9555555555555557
10,1.0,1.0,0.0,0.5,0.5,0.5,0.9666666666666667,0.75,1.0,1.0,1.0,0.9333333333333333,0.6666666666666664,0.9333333333333333,0.9555555555555557
11,1.0,1.0,0.0,0.5,0.5,0.5,0.9666666666666667,0.75,1.0,1.0,1.0,0.9333333333333333,0.6666666666666664,0.9333333333333333,0.9555555555555557
12,1.0,1.0,0.0,0.5,0.5,0.5,0.9666666666666667,0.75,1.0,1.0,1.0,0.9333333333333333,0.6666666666666664,0.9333333333333333,0.9555555555555557
13,1.0,1.0,0.0,0.5,0.5,0.5,0.9666666666666667,0.75,1.0,1.0,1.0,0.9333333333333333,0.6666666666666664,0.9333333333333333,0.9555555555555557
14,1.0,1.0,0.0,0.5,0.5,0.5,0.9666666666666667,0.75,1.0,1.0,1.0,0.9333333333333333,0.6666666666666664,0.9333333333333333,0.9555555555555557
15,1.0,1.0,0.0,0.5,0.5,0.5,0.9666666666666667,0.75,1.0,1.0,1.0,0.9333333333333333,0.6666666666666664,0.9333333333333333,0.9555555555555557
16,1.0,1.0,0.0,0.5,0.5,0.5,0.9666666666666667,0.75,1.0,1.0,1.0,0.9333333333333333,0.6666666666666664,0.9333333333333333,0.9555555555555557
17,1.0,1.0,0.0,0.5,0.5,0.5,0.9666666666666667,0.75,1.0,1.0,1.0,0.9333333333333333,0.6666666666666664,0.9333333333333333,0.9555555555555557
18,1.0,1.0,0.0,0.5,0.5,0.5,0.9666666666666667,0.75,1.0,1.0,1.0,0.9333333333333333,0.6666666666666664,0.9333333333333333,0.9555555555555557
19,1.0,1.0,0.0,0.5,0.5,0.5,0.9666666666666667,0.75,1.0,1.0,1.0,0.9333333333333333,0.6666666666666664,0.9333333333333333,0.9555555555555557
20,1.0,1.0,0.0,0.5,0.5,0.5,0.9666666666666667,0.75,1.0,1.0,1.0,0.9333333333333333,0.6666666666666664,0.9333333333333333,0.9555555555555557
21,1.0,1.0,0.0,0.5,0.5,0.5,0.9666666666666667,0.75,1.0,1.0,1.0,0.9333333333333333,0.6666666666666664,0.9333333333333333,0.9555555555555557
22,1.0,1.0,0.0,0.5,0.5,0.5,0.9666666666666667,0.75,1.0,1.0,1.0,0.9333333333333333,0.6666666666666664,0.9333333333333333,0.9555555555555557
23,1.0,1.0,0.0,0.5,0.5,0.5,0.9666666666666667,0.75,1.0,1.0,1.0,0.9333333333333333,0.6666666666666664,0.9333333333333333,0.9555555555555557
24,1.0,1.0,0.0,0.5,0.5,0.5,0.9666666666666667,0.75,1.0,1.0,1.0,0.9333333333333333,0.6666666666666664,0.9333333333333333,0.9555555555555557
25,1.0,1.0,0.0,0.5,0.5,0.5,0.9666666666666667,0.75,1.0,1.0,1.0,0.9333333333333333,0.6666666666666664,0.9333333333333333,0.9555555555555557
26,1.0,1.0,0.0,0.5,0.5,0.5,0.9666666666666667,0.75,1.0,1.0,1.0,0.9333333333333333,0.6666666666666664,0.9333333333333333,0.9555555555555557
27,1.0,1.0,0.0,0.5,0.5,0.5,0.9666666666666667,0.75,1.0,1.0,1.0,0.9333333333333333,0.6666666666666664,0.9333333333333333,0.9555555555555557
28,1.0,1.0,0.0,0.5,0.5,0.5,0.9666666666666667,0.75,1.0,1.0,1.0,0.9333333333333333,0.6666666666666664,0.9333333333333333,0.9555555555555557
29,1.0,1.0,0.0,0.5,0.5,0.5,0.9666666666666667,0.75,1.0,1.0,1.0,0.9333333333333333,0.6666666666666664,0.9333333333333333,0.9555555555555557
30,1.0,1.0,0.0,0.5,0.5,0.5,0.9666666666666667,0.75,1.0,1.0,1.0,0.9333333333333333,0.6666666666666664,0.9333333333333333,0.9555555555555557
31,1.0,1.0,0.0,0.5,0.5,0.5,0.9666666666666667,0.75,1.0,1.0,1.0,0.9333333333333333,0.6666666666666664,0.9333333333333333,0.9555555555555557
32,1.0,1.0,0.0,0.5,0.5,0.5,0.9666666666666667,0.75,1.0,1.0,1.0,0.9333333333333333,0.6666666666666664,0.9333333333333333,0.9555555555555557
33,1.0,1.0,0.0,0.5,0.5,0.5,0.9666666666666667,0.75,1.0,1.0,1.0,0.9333333333333333,0.6666666666666664,0.9333333333333333,0.9555555555555557
34,1.0,1.0,0.0,0.5,0.5,0.5,0.9666666666666667,0.75,1.0,1.0,1.0,0.9333333333333333,0.6666666666666664,0.9333333333333333,0.9555555555555557
35,1.0,1.0,0.0,0.5,0.5,0.5,0.9666666666666667,0.75,1.0,1.0,1.0,0.9333333333333333,0.6666666666666664,0.9333333333333333,0.9555555555555557
36,1.0,1.0,0.0,0.5,0.5,0.5,0.9666666666666667,0.75,1.0,1.0,1.0,0.9333333333333333,0.6666666666666664,0.9333333333333333,0.9555555555555557
37,1.0,1.0,0.0,0.5,0.5,0.5,0.9666666666666667,0.75,1.0,1.0,1.0,0.9333333333333333,0.6666666666666664,0.9333333333333333,0.9555555555555557
38,1.0,1.0,0.0,0.5,0.5,0.5,0.9666666666666667,0.75,1.0,1.0,1.0,0.9333333333333333,0.6666666666666664,0.9333333333333333,0.9555555555555557
39,1.0,1.0,0.0,0.5,0.5,0.5,0.9666666666666667,0.75,1.0,1.0,1.0,0.9333333333333333,0.6666666666666664,0.9333333333333333,0.9555555555555557
40,1.0,1.0,0.0,0.5,0.5,0.5,0.9666666666666667,0.75,1.0,1.0,1.0,0.9333333333333333,0.6666666666666664,0.9333333333333333,0.9555555555555557
41,1.0,1.0,0.0,0.5,0.5,0.5,0.9666666666666667,0.75,1.0,1.0,1.0,0.9333333333333333,0.6666666666666664,0.9333333333333333,0.9555555555555557
42,1.0,1.0,0.0,0.5,0.5,0.5,0.9666666666666667,0.75,1.0,1.0,1.0,0.9333333333333333,0.6666666666666664,0.9333333333333333,0.9555555555555557
43,1.0,1.0,0.0,0.5,0.5,0.5,0.9666666666666667,0.75,1.0,1.0,1.0,0.9333333333333333,0.6666666666666664,0.9333333333333333,0.9555555555555557
44,1.0,1.0,0.0,0.5,0.5,0.5,0.9666666666666667,0.75,1.0,1.0,1.0,0.9333333333333333,0.6666666666666664,0.9333333333333333,0.9555555555555557
45,1.0,1.0,0.0,0.5,0.5,0.5,0.9666666666666667,0.75,1.0,1.0,1.0,0.9333333333333333,0.6666666666666664,0.9333333333333333,0.9555555555555557
46,1.0,1.0,0.0,0.5,0.5,0.5,0.9666666666666667,0.75,1.0,1.0,1.0,0.9333333333333333,0.6666666666666664,0.9333333333333333,0.9555555555555557
47,1.0,1.0,0.0,0.5,0.5,0.5,0.9666666666666667,0.75,1.0,1.0,1.0,0.9333333333333333,0.6666666666666664,0.9333333333333333,0.9555555555555557
48,1.0,1.0,0.0,0.5,0.5,0.5,0.9666666666666667,0.75,1.0,1.0,1.0,0.9333333333333333,0.6666666666666664,0.9333333333333333,0.9555555555555557
49,1.0,1.0,0.0,0.5,0.5,0.5,0.9666666666666667,0.75,1.0,1.0,1.0,0.9333333333333333,0.6666666666666664,0.9333333333333333,0.9555555555555557
50,1.0,1.0,0.0,0.5,0.5,0.5,0.9666666666666667,0.75,1.0,1.0,1.0,0.9333333333333333,0.6666666666666664,0.9333333333333333,0.9555555555555557
51,1.0,1.0,0.0,0.5,0.5,0.5,0.9666666666666667,0.75,1.0,1.0,1.0,0.9333333333333333,0.6666666666666664,0.9333333333333333,0.9555555555555557
52,1.0,1.0,0.0,0.5,0.5,0.5,0.9666666666666667,0.75,1.0,1.0,1.0,0.9333333333333333,0.6666666666666664,0.9333333333333333,0.9555555555555557
53,1.0,1.0,0.0,0.5,0.5,0.5,0.9666666666666667,0.75,1.0,1.0,1.0,0.9333333333333333,0.6666666666666664,0.9333333333333333,0.9555555555555557
54,1.0,1.0,0.0,0.5,0.5,0.5,0.9666666666666667,0.75,1.0,1.0,1.0,0.9333333333333333,0.6666666666666664,0.9333333333333333,0.9555555555555557
55,1.0,1.0,0.0,0.5,0.5,0.5,0.9666666666666667,0.75,1.0,1.0,1.0,0.9333333333333333,0.6666666666666664,0.9333333333333333,0.9555555555555557
0,1.0,1.0,0.21333333333333335,1.0,0.8916666666666667,0.5,0.8916666666666667,0.75,1.0,1.0,1.0,0.8916666666666667,0.9333333333333335,0.8555555555555557,0.6666666666666664
1,1.0,1.0,0.21333333333333335,1.0,0.8916666666666667,0.5,0.8916666666666667,0.75,1.0,1.0,1.0,0.8916666666666667,0.9333333333333335,0.8555555555555557,0.6666666666666664
2,1.0,1.0,0.21333333333333335,1.0,0.8916666666666667,0.5,0.8916666666666667,0.75,1.0,1.0,1.0,0.8916666666666667,0.9333333333333335,0.8555555555555557,0.6666666666666664
3,1.0,1.0,0.21333333333333335,1.0,0.8916666666666667,0.5,0.8916666666666667,0.75,1.0,1.0,1.0,0.8916666666666667,0.9333333333333335,0.8555555555555557,0.6666666666666664
4,1.0,1.0,0.21333333333333335,1.0,0.8916666666666667,0.5,0.8916666666666667,0.75,1.0,1.0,1.0,0.8916666666666667,0.9333333333333335,0.8555555555555557,0.6666666666666664
5,1.0,1.0,0.21333333333333335,1.0,0.8916666666666667,0.5,0.8916666666666667,0.75,1.0,1.0,1.0,0.8916666666666667,0.9333333333333335,0.8555555555555557,0.6666666666666664
6,1.0,1.0,0.21333333333333335,1.0,0.8916666666666667,0.5,0.8916666666666667,0.75,1.0,1.0,1.0,0.8916666666666667,0.9333333333333335,0.8555555555555557,0.6666666666666664
7,1.0,1.0,0.21333333333333335,1.0,0.8916666666666667,0.5,0.8916666666666667,0.75,1.0,1.0,1.0,0.8916666666666667,0.9333333333333335,0.8555555555555557,0.6666666666666664
8,1.0,1.0,0.21333333333333335,1.0,0.8916666666666667,0.5,0.8916666666666667,0.75,1.0,1.0,1.0,0.8916666666666667,0.9333333333333335,0.8555555555555557,0.6666666666666664
9,1.0,1.0,0.21333333333333335,1.0,0.8916666666666667,0.5,0.8916666666666667,0.75,1.0,1.0,1.0,0.8916666666666667,0.9333333333333335,0.8555555555555557,0.6666666666666664
10,1.0,1.0,0.21333333333333335,1.0,0.8916666666666667,0.5,0.8916666666666667,0.75,1.0,1.0,1.0,0.8916666666666667,0.9333333333333335,0.8555555555555557,0.6666666666666664
11,1.0,1.0,0.21333333333333335,1.0,0.8916666666666667,0.5,0.8916666666666667,0.75,1.0,1.0,1.0,0.8916666666666667,0.9333333333333335,0.8555555555555557,0.6666666666666664
12,1.0,1.0,0.21333333333333335,1.0,0.8916666666666667,0.5,0.8916666666666667,0.75,1.0,1.0,1.0,0.8916666666666667,0.9333333333333335,0.8555555555555557,0.6666666666666664
13,1.0,1.0,0.21333333333333335,1.0,0.8916666666666667,0.5,0.8916666666666667,0.75,1.0,1.0,1.0,0.8916666666666667,0.9333333333333335,0.8555555555555557,0.6666666666666664
14,1.0,1.0,0.21333333333333335,1.0,0.8916666666666667,0.5,0.8916666666666667,0.75,1.0,1.0,1.0,0.8916666666666667,0.9333333333333335,0.8555555555555557,0.6666666666666664
15,1.0,1.0,0.21333333333333335,1.0,0.8916666666666667,0.5,0.8916666666666667,0.75,1.0,1.0,1.0,0.8916666666666667,0.9333333333333335,0.8555555555555557,0.6666666666666664
16,1.0,1.0,0.21333333333333335,1.0,0.8916666666666667,0.5,0.8916666666666667,0.75,1.0,1.0,1.0,0.8916666666666667,0.9333333333333335,0.8555555555555557,0.6666666666666664
17,1.0,1.0,0.21333333333333335,1.0,0.8916666666666667,0.5,0.8916666666666667,0.75,1.0,1.0,1.0,0.8916666666666667,0.9333333333333335,0.8555555555555557,0.6666666666666664
18,1.0,1.0,0.21333333333333335,1.0,0.8916666666666667,0.5,0.8916666666666667,0.75,1.0,1.0,1.0,0.8916666666666667,0.9333333333333335,0.8555555555555557,0.6666666666666664
19,1.0,1.0,0.21333333333333335,1.0,0.8916666666666667,0.5,0.8916666666666667,0.75,1.0,1.0,1.0,0.8916666666666667,0.9333333333333335,0.8555555555555557,0.6666666666666664
20,1.0,1.0,0.21333333333333335,1.0,0.8916666666666667,0.5,0.8916666666666667,0.75,1.0,1.0,1.0,0.8916666666666667,0.9333333333333335,0.8555555555555557,0.6666666666666664
21,1.0,1.0,0.21333333333333335,1.0,0.8916666666666667,0.5,0.8916666666666667,0.75,1.0,1.0,1.0,0.8916666666666667,0.9333333333333335,0.8555555555555557,0.6666666666666664
22,1.0,1.0,0.21333333333333335,1.0,0.8916666666666667,0.5,0.8916666666666667,0.75,1.0,1.0,1.0,0.8916666666666667,0.9333333333333335,0.8555555555555557,0.6666666666666664
23,1.0,1.0,0.21333333333333335,1.0,0.8916666666666667,0.5,0.8916666666666667,0.75,1.0,1.0,1.0,0.8916666666666667,0.9333333333333335,0.8555555555555557,0.6666666666666664
24,1.0,1.0,0.21333333333333335,1.0,0.8916666666666667,0.5,0.8916666666666667,0.75,1.0,1.0,1.0,0.8916666666666667,0.9333333333333335,0.8555555555555557,0.6666666666666664
25,1.0,1.0,0.21333333333333335,1.0,0.8916666666666667,0.5,0.8916666666666667,0.75,1.0,1.0,1.0,0.8916666666666667,0.9333333333333335,0.8555555555555557,0.6666666666666664
26,1.0,1.0,0.21333333333333335,1.0,0.8916666666666667,0.5,0.8916666666666667,0.75,1.0,1.0,1.0,0.8916666666666667,0.9333333333333335,0.8555555555555557,0.6666666666666664
27,1.0,1.0,0.21333333333333335,1.0,0.8916666666666667,0.5,0.8916666666666667,0.75,1.0,1.0,1.0,0.8916666666666667,0.9333333333333335,0.8555555555555557,0.6666666666666664
28,1.0,1.0,0.21333333333333335,1.0,0.8916666666666667,0.5,0.8916666666666667,0.75,1.0,1.0,1.0,0.8916666666666667,0.9333333333333335,0.8555555555555557,0.6666666666666664
29,1.0,1.0,0.21333333333333335,1.0,0.8916666666666667,0.5,0.8916666666666667,0.75,1.0,1.0,1.0,0.8916666666666667,0.9333333333333335,0.8555555555555557,0.6666666666666664
30,1.0,1.0,0.21333333333333335,1.0,0.8916666666666667,0.5,0.8916666666666667,0.75,1.0,1.0,1.0,0.8916666666666667,0.9333333333333335,0.8555555555555557,0.6666666666666664
31,1.0,1.0,0.21333333333333335,1.0,0.8916666666666667,0.5,0.8916666666666667,0.75,1.0,1.0,1.0,0.8916666666666667,0.9333333333333335,0.8555555555555557,0.6666666666666664
32,1.0,1.0,0.21333333333333335,1.0,0.8916666666666667,0.5,0.8916666666666667,0.75,1.0,1.0,1.0,0.8916666666666667,0.9333333333333335,0.8555555555555557,0.6666666666666664
33,1.0,1.0,0.21333333333333335,1.0,0.8916666666666667,0.5,0.8916666666666667,0.75,1.0,1.0,1.0,0.8916666666666667,0.9333333333333335,0.8555555555555557,0.6666666666666664
34,1.0,1.0,0.21333333333333335,1.0,0.8916666666666667,0.5,0.8916666666666667,0.75,1.0,1.0,1.0,0.8916666666666667,0.9333333333333335,0.8555555555555557,0.6666666666666664
35,1.0,1.0,0.21333333333333335,1.0,0.8916666666666667,0.5,0.8916666666666667,0.75,1.0,1.0,1.0,0.8916666666666667,0.9333333333333335,0.8555555555555557,0.6666666666666664
36,1.0,1.0,0.21333333333333335,1.0,0.8916666666666667,0.5,0.8916666666666667,0.75,1.0,1.0,1.0,0.8916666666666667,0.9333333333333335,0.8555555555555557,0.6666666666666664
37,1.0,1.0,0.21333333333333335,1.0,0.8916666666666667,0.5,0.8916666666666667,0.75,1.0,1.0,1.0,0.8916666666666667,0.9333333333333335,0.8555555555555557,0.6666666666666664
38,1.0,1.0,0.21333333333333335,1.0,0.8916666666666667,0.5,0.8916666666666667,0.75,1.0,1.0,1.0,0.8916666666666667,0.9333333333333335,0.8555555555555557,0.6666666666666664
39,1.0,1.0,0.21333333333333335,1.0,0.8916666666666667,0.5,0.8916666666666667,0.75,1.0,1.0,1.0,0.8916666666666667,0.9333333333333335,0.8555555555555557,0.6666666666666664
40,1.0,1.0,0.21333333333333335,1.0,0.8916666666666667,0.5,0.8916666666666667,0.75,1.0,1.0,1.0,0.8916666666666667,0.9333333333333335,0.8555555555555557,0.6666666666666664
41,1.0,1.0,0.21333333333333335,1.0,0.8916666666666667,0.5,0.8916666666666667,0.75,1.0,1.0,1.0,0.8916666666666667,0.9333333333333335,0.8555555555555557,0.6666666666666664
42,1.0,1.0,0.21333333333333335,1.0,0.8916666666666667,0.5,0.8916666666666667,0.75,1.0,1.0,1.0,0.8916666666666667,0.9333333333333335,0.8555555555555557,0.6666666666666664
43,1.0,1.0,0.21333333333333335,1.0,0.8916666666666667,0.5,0.8916666666666667,0.75,1.0,1.0,1.0,0.8916666666666667,0.9333333333333335,0.8555555555555557,0.6666666666666664
44,1.0,1.0,0.21333333333333335,1.0,0.8916666666666667,0.5,0.8916666666666667,0.75,1.0,1.0,1.0,0.8916666666666667,0.9333333333333335,0.8555555555555557,0.6666666666666664
45,1.0,1.0,0.21333333333333335,1.0,0.8916666666666667,0.5,0.8916666666666667,0.75,1.0,1.0,1.0,0.8916666666666667,0.9333333333333335,0.8555555555555557,0.6666666666666664
46,1.0,1.0,0.21333333333333335,1.0,0.8916666666666667,0.5,0.8916666666666667,0.75,1.0,1.0,1.0,0.8916666666666667,0.9333333333333335,0.8555555555555557,0.6666666666666664
47,1.0,1.0,0.21333333333333335,1.0,0.8916666666666667,0.5,0.8916666666666667,0.75,1.0,1.0,1.0,0.8916666666666667,0.9333333333333335,0.8555555555555557,0.6666666666666664
48,1.0,1.0,0.21333333333333335,1.0,0.8916666666666667,0.5,0.8916666666666667,0.75,1.0,1.0,1.0,0.8916666666666667,0.9333333333333335,0.8555555555555557,0.6666666666666664
49,1.0,1.0,0.21333333333333335,1.0,0.8916666666666667,0.5,0.8916666666666667,0.75,1.0,1.0,1.0,0.8916666666666667,0.9333333333333335,0.8555555555555557,0.6666666666666664
50,1.0,1.0,0.21333333333333335,1.0,0.8916666666666667,0.5,0.8916666666666667,0.75,1.0,1.0,1.0,0.8916666666666667,0.9333333333333335,0.8555555555555557,0.6666666666666664
51,1.0,1.0,0.21333333333333335,1.0,0.8916666666666667,0.5,0.8916666666666667,0.75,1.0,1.0,1.0,0.8916666666666667,0.9333333333333335,0.8555555555555557,0.6666666666666664
52,1.0,1.0,0.21333333333333335,1.0,0.8916666666666667,0.5,0.8916666666666667,0.75,1.0,1.0,1.0,0.8916666666666667,0.9333333333333335,0.8555555555555557,0.6666666666666664
53,1.0,1.0,0.21333333333333335,1.0,0.8916666666666667,0.5,0.8916666666666667,0.75,1.0,1.0,1.0,0.8916666666666667,0.9333333333333335,0.8555555555555557,0.6666666666666664
54,1.0,1.0,0.21333333333333335,1.0,0.8916666666666667,0.5,0.8916666666666667,0.75,1.0,1.0,1.0,0.8916666666666667,0.9333333333333335,0.8555555555555557,0.6666666666666664
55,1.0,1.0,0.21333333333333335,1.0,0.8916666666666667,0.5,0.8916666666666667,0.75,1.0,1.0,1.0,0.8916666666666667,0.9333333333333335,0.8555555555555557,0.6666666666666664
56,1.0,1.0,0.21333333333333335,1.0,0.8916666666666667,0.5,0.8916666666666667,0.75,1.0,1.0,1.0,0.8916666666666667,0.9333333333333335,0.8555555555555557,0.6666666666666664
57,1.0,1.0,0.21333333333333335,1.0,0.8916666666666667,0.5,0.8916666666666667,0.75,1.0,1.0,1.0,0.8916666666666667,0.9333333333333335,0.8555555555555557,0.6666666666666664
58,1.0,1.0,0.21333333333333335,1.0,0.8916666666666667,0.5,0.8916666666666667,0.75,1.0,1.0,1.0,0.8916666666666667,0.9333333333333335,0.8555555555555557,0.6666666666666664
59,1.0,1.0,0.21333333333333335,1.0,0.8916666666666667,0.5,0.8916666666666667,0.75,1.0,1.0,1.0,0.8916666666666667,0.9333333333333335,0.8555555555555557,0.6666666666666664
60,1.0,1.0,0.21333333333333335,1.0,0.8916666666666667,0.5,0.8916666666666667,0.75,1.0,1.0,1.0,0.8916666666666667,0.9333333333333335,0.8555555555555557,0.6666666666666664
61,1.0,1.0,0.21333333333333335,1.0,0.8916666666666667,0.5,0.8916666666666667,0.75,1.0,1.0,1.0,0.8916666666666667,0.9333333333333335,0.8555555555555557,0.6666666666666664
62,1.0,1.0,0.21333333333333335,1.0,0.8916666666666667,0.5,0.8916666666666667,0.75,1.0,1.0,1.0,0.8916666666666667,0.9333333333333335,0.8555555555555557,0.6666666666666664
63,1.0,1.0,0.21333333333333335,1.0,0.8916666666666667,0.5,0.8916666666666667,0.75,1.0,1.0,1.0,0.8916666666666667,0.9333333333333335,0.8555555555555557,0.6666666666666664
64,1.0,1.0,0.21333333333333335,1.0,0.8916666666666667,0.5,0.8916666666666667,0.75,1.0,1.0,1.0,0.8916666666666667,0.9333333333333335,0.8555555555555557,0.6666666666666664
65,1.0,1.0,0.21333333333333335,1.0,0.8916666666666667,0.5,0.8916666666666667,0.75,1.0,1.0,1.0,0.8916666666666667,0.9333333333333335,0.8555555555555557,0.6666666666666664
66,1.0,1.0,0.21333333333333335,1.0,0.8916666666666667,0.5,0.8916666666666667,0.75,1.0,1.0,1.0,0.8916666666666667,0.9333333333333335,0.8555555555555557,0.6666666666666664
67,1.0,1.0,0.21333333333333335,1.0,0.8916666666666667,0.5,0.8916666666666667,0.75,1.0,1.0,1.0,0.8916666666666667,0.9333333333333335,0.8555555555555557,0.6666666666666664
68,1.0,1.0,0.21333333333333335,1.0,0.8916666666666667,0.5,0.8916666666666667,0.75,1.0,1.0,1.0,0.8916666666666667,0.9333333333333335,0.8555555555555557,0.6666666666666664
69,1.0,1.0,0.21333333333333335,1.0,0.8916666666666667,0.5,0.8916666666666667,0.75,1.0,1.0,1.0,0.8916666666666667,0.9333333333333335,0.8555555555555557,0.6666666666666664
70,1.0,1.0,0.21333333333333335,1.0,0.8916666666666667,0.5,0.8916666666666667,0.75,1.0,1.0,1.0,0.8916666666666667,0.9333333333333335,0.8555555555555557,0.6666666666666664
71,1.0,1.0,0.21333333333333335,1.0,0.8916666666666667,0.5,0.8916666666666667,0.75,1.0,1.0,1.0,0.8916666666666667,0.9333333333333335,0.8555555555555557,0.6666666666666664
72,1.0,1.0,0.21333333333333335,1.0,0.8916666666666667,0.5,0.8916666666666667,0.75,1.0,1.0,1.0,0.8916666666666667,0.9333333333333335,0.8555555555555557,0.6666666666666664
73,1.0,1.0,0.21333333333333335,1.0,0.8916666666666667,0.5,0.8916666666666667,0.75,1.0,1.0,1.0,0.8916666666666667,0.9333333333333335,0.8555555555555557,0.6666666666666664
74,1.0,1.0,0.21333333333333335,1.0,0.8916666666666667,0.5,0.8916666666666667,0.75,1.0,1.0,1.0,0.8916666666666667,0.9333333333333335,0.8555555555555557,0.6666666666666664
75,1.0,1.0,0.21333333333333335,1.0,0.8916666666666667,0.5,0.8916666666666667,0.75,1.0,1.0,1.0,0.8916666666666667,0.9333333333333335,0.8555555555555557,0.6666666666666664
76,1.0,1.0,0.21333333333333335,1.0,0.8916666666666667,0.5,0.8916666666666667,0.75,1.0,1.0,1.0,0.8916666666666667,0.9333333333333335,0.8555555555555557,0.6666666666666664
77,1.0,1.0,0.21333333333333335,1.0,0.8916666666666667,0.5,0.8916666666666667,0.75,1.0,1.0,1.0,0.8916666666666667,0.9333333333333335,0.8555555555555557,0.6666666666666664
78,1.0,1.0,0.21333333333333335,1.0,0.8916666666666667,0.5,0.8916666666666667,0.75,1.0,1.0,1.0,0.8916666666666667,0.9333333333333335,0.8555555555555557,0.6666666666666664
79,1.0,1.0,0.21333333333333335,1.0,0.8916666666666667,0.5,0.8916666666666667,0.75,1.0,1.0,1.0,0.8916666666666667,0.9333333333333335,0.8555555555555557,0.6666666666666664
80,1.0,1.0,0.21333333333333335,1.0,0.8916666666666667,0.5,0.8916666666666667,0.75,1.0,1.0,1.0,0.8916666666666667,0.9333333333333335,0.8555555555555557,0.6666666666666664
81,1.0,1.0,0.21333333333333335,1.0,0.8916666666666667,0.5,0.8916666666666667,0.75,1.0,1.0,1.0,0.8916666666666667,0.9333333333333335,0.8555555555555557,0.6666666666666664
82,1.0,1.0,0.21333333333333335,1.0,0.8916666666666667,0.5,0.8916666666666667,0.75,1.0,1.0,1.0,0.8916666666666667,0.9333333333333335,0.8555555555555557,0.6666666666666664
83,1.0,1.0,0.21333333333333335,1.0,0.8916666666666667,0.5,0.8916666666666667,0.75,1.0,1.0,1.0,0.8916666666666667,0.9333333333333335,0.8555555555555557,0.6666666666666664
84,1.0,1.0,0.21333333333333335,1.0,0.8916666666666667,0.5,0.8916666666666667,0.75,1.0,1.0,1.0,0.8916666666666667,0.9333333333333335,0.8555555555555557,0.6666666666666664
85,1.0,1.0,0.21333333333333335,1.0,0.8916666666666667,0.5,0.8916666666666667,0.75,1.0,1.0,1.0,0.8916666666666667,0.9333333333333335,0.8555555555555557,0.6666666666666664
86,1.0,1.0,0.21333333333333335,1.0,0.8916666666666667,0.5,0.8916666666666667,0.75,1.0,1.0,1.0,0.8916666666666667,0.9333333333333335,0.8555555555555557,0.6666666666666664
87,1.0,1.0,0.21333333333333335,1.0,0.8916666666666667,0.5,0.8916666666666667,0.75,1.0,1.0,1.0,0.8916666666666667,0.9333333333333335,0.8555555555555557,0.6666666666666664
88,1.0,1.0,0.21333333333333335,1.0,0.8916666666666667,0.5,0.8916666666666667,0.75,1.0,1.0,1.0,0.8916666666666667,0.9333333333333335,0.8555555555555557,0.6666666666666664
89,1.0,1.0,0.21333333333333335,1.0,0.8916666666666667,0.5,0.8916666666666667,0.75,1.0,1.0,1.0,0.8916666666666667,0.9333333333333335,0.8555555555555557,0.6666666666666664
90,1.0,1.0,0.21333333333333335,1.0,0.8916666666666667,0.5,0.8916666666666667,0.75,1.0,1.0,1.0,0.8916666666666667,0.9333333333333335,0.8555555555555557,0.6666666666666664
91,1.0,1.0,0.21333333333333335,1.0,0.8916666666666667,0.5,0.8916666666666667,0.75,1.0,1.0,1.0,0.8916666666666667,0.9333333333333335,0.8555555555555557,0.6666666666666664
92,1.0,1.0,0.21333333333333335,1.0,0.8916666666666667,0.5,0.8916666666666667,0.75,1.0,1.0,1.0,0.8916666666666667,0.9333333333333335,0.8555555555555557,0.6666666666666664
93,1.0,1.0,0.21333333333333335,1.0,0.8916666666666667,0.5,0.8916666666666667,0.75,1.0,1.0,1.0,0.8916666666666667,0.9333333333333335,0.8555555555555557,0.6666666666666664
94,1.0,1.0,0.21333333333333335,1.0,0.8916666666666667,0.5,0.8916666666666667,0.75,1.0,1.0,1.0,0.8916666666666667,0.9333333333333335,0.8555555555555557,0.6666666666666664
95,1.0,1.0,0.21333333333333335,1.0,0.8916666666666667,0.5,0.8916666666666667,0.75,1.0,1.0,1.0,0.8916666666666667,0.9333333333333335,0.8555555555555557,0.6666666666666664
96,1.0,1.0,0.21333333333333335,1.0,0.8916666666666667,0.5,0.8916666666666667,0.75,1.0,1.0,1.0,0.8916666666666667,0.9333333333333335,0.8555555555555557,0.6666666666666664
97,1.0,1.0,0.21333333333333335,1.0,0.8916666666666667,0.5,0.8916666666666667,0.75,1.0,1.0,1.0,0.8916666666666667,0.9333333333333335,0.8555555555555557,0.6666666666666664
98,1.0,1.0,0.21333333333333335,1.0,0.8916666666666667,0.5,0.8916666666666667,0.75,1.0,1.0,1.0,0.8916666666666667,0.9333333333333335,0.8555555555555557,0.6666666666666664
99,1.0,1.0,0.21333333333333335,1.0,0.8916666666666667,0.5,0.8916666666666667,0.75,1.0,1.0,1.0,0.8916666666666667,0.9333333333333335,0.8555555555555557,0.6666666666666664
100,1.0,1.0,0.21333333333333335,1.0,0.8916666666666667,0.5,0.8916666666666667,0.75,1.0,1.0,1.0,0.8916666666666667,0.9333333333333335,0.8555555555555557,0.6666666666666664
101,1.0,1.0,0.21333333333333335,1.0,0.8916666666666667,0.5,0.8916666666666667,0.75,1.0,1.0,1.0,0.8916666666666667,0.9333333333333335,0.8555555555555557,0.6666666666666664
102,1.0,1.0,0.21333333333333335,1.0,0.8916666666666667,0.5,0.8916666666666667,0.75,1.0,1.0,1.0,0.8916666666666667,0.9333333333333335,0.8555555555555557,0.6666666666666664
103,1.0,1.0,0.21333333333333335,1.0,0.8916666666666667,0.5,0.8916666666666667,0.75,1.0,1.0,1.0,0.8916666666666667,0.9333333333333335,0.8555555555555557,0.6666666666666664
104,1.0,1.0,0.21333333333333335,1.0,0.8916666666666667,0.5,0.8916666666666667,0.75,1.0,1.0,1.0,0.8916666666666667,0.9333333333333335,0.8555555555555557,0.6666666666666664
105,1.0,1.0,0.21333333333333335,1.0,0.8916666666666667,0.5,0.8916666666666667,0.75,1.0,1.0,1.0,0.8916666666666667,0.9333333333333335,0.8555555555555557,0.6666666666666664
106,1.0,1.0,0.21333333333333335,1.0,0.8916666666666667,0.5,0.8916666666666667,0.75,1.0,1.0,1.0,0.8916666666666667,0.9333333333333335,0.8555555555555557,0.6666666666666664
107,1.0,1.0,0.21333333333333335,1.0,0.8916666666666667,0.5,0.8916666666666667,0.75,1.0,1.0,1.0,0.8916666666666667,0.9333333333333335,0.8555555555555557,0.6666666666666664
108,1.0,1.0,0.21333333333333335,1.0,0.8916666666666667,0.5,0.8916666666666667,0.75,1.0,1.0,1.0,0.8916666666666667,0.9333333333333335,0.8555555555555557,0.6666666666666664
109,1.0,1.0,0.21333333333333335,1.0,0.8916666666666667,0.5,0.8916666666666667,0.75,1.0,1.0,1.0,0.8916666666666667,0.9333333333333335,0.8555555555555557,0.6666666666666664
110,1.0,1.0,0.21333333333333335,1.0,0.8916666666666667,0.5,0.8916666666666667,0.75,1.0,1.0,1.0,0.8916666666666667,0.9333333333333335,0.8555555555555557,0.6666666666666664
111,1.0,1.0,0.21333333333333335,1.0,0.8916666666666667,0.5,0.8916666666666667,0.75,1.0,1.0,1.0,0.8916666666666667,0.9333333333333335,0.8555555555555557,0.6666666666666664
112,1.0,1.0,0.21333333333333335,1.0,0.8916666666666667,0.5,0.8916666666666667,0.75,1.0,1.0,1.0,0.8916666666666667,0.9333333333333335,0.8555555555555557,0.6666666666666664
113,1.0,1.0,0.21333333333333335,1.0,0.8916666666666667,0.5,0.8916666666666667,0.75,1.0,1.0,1.0,0.8916666666666667,0.9333333333333335,0.8555555555555557,0.6666666666666664
114,1.0,1.0,0.21333333333333335,1.0,0.8916666666666667,0.5,0.8916666666666667,0.75,1.0,1.0,1.0,0.8916666666666667,0.9333333333333335,0.8555555555555557,0.6666666666666664
115,1.0,1.0,0.21333333333333335,1.0,0.8916666666666667,0.5,0.8916666666666667,0.75,1.0,1.0,1.0,0.8916666666666667,0.9333333333333335,0.8555555555555557,0.6666666666666664
116,1.0,1.0,0.21333333333333335,1.0,0.8916666666666667,0.5,0.8916666666666667,0.75,1.0,1.0,1.0,0.8916666666666667,0.9333333333333335,0.8555555555555557,0.6666666666666664
117,1.0,1.0,0.21333333333333335,1.0,0.8916666666666667,0.5,0.8916666666666667,0.75,1.0,1.0,1.0,0.8916666666666667,0.9333333333333335,0.8555555555555557,0.6666666666666664
118,1.0,1.0,0.21333333333333335,1.0,0.8916666666666667,0.5,0.8916666666666667,0.75,1.0,1.0,1.0,0.8916666666666667,0.9333333333333335,0.8555555555555557,0.6666666666666664
119,1.0,1.0,0.21333333333333335,1.0,0.8916666666666667,0.5,0.8916666666666667,0.75,1.0,1.0,1.0,0.8916666666666667,0.9333333333333335,0.8555555555555557,0.6666666666666664
120,1.0,1.0,0.21333333333333335,1.0,0.8916666666666667,0.5,0.8916666666666667,0.75,1.0,1.0,1.0,0.8916666666666667,0.9333333333333335,0.8555555555555557,0.6666666666666664
121,1.0,1.0,0.21333333333333335,1.0,0.8916666666666667,0.5,0.8916666666666667,0.75,1.0,1.0,1.0,0.8916666666666667,0.9333333333333335,0.8555555555555557,0.6666666666666664
122,1.0,1.0,0.21333333333333335,1.0,0.8916666666666667,0.5,0.8916666666666667,0.75,1.0,1.0,1.0,0.8916666666666667,0.9333333333333335,0.8555555555555557,0.6666666666666664
123,1.0,1.0,0.21333333333333335,1.0,0.8916666666666667,0.5,0.8916666666666667,0.75,1.0,1.0,1.0,0.8916666666666667,0.9333333333333335,0.8555555555555557,0.6666666666666664
124,1.0,1.0,0.21333333333333335,1.0,0.8916666666666667,0.5,0.8916666666666667,0.75,1.0,1.0,1.0,0.8916666666666667,0.9333333333333335,0.8555555555555557,0.6666666666666664
125,1.0,1.0,0.21333333333333335,1.0,0.8916666666666667,0.5,0.8916666666666667,0.75,1.0,1.0,1.0,0.8916666666666667,0.9333333333333335,0.8555555555555557,0.6666666666666664
126,1.0,1.0,0.21333333333333335,1.0,0.8916666666666667,0.5,0.8916666666666667,0.75,1.0,1.0,1.0,0.8916666666666667,0.9333333333333335,0.8555555555555557,0.6666666666666664
127,1.0,1.0,0.21333333333333335,1.0,0.8916666666666667,0.5,0.8916666666666667,0.75,1.0,1.0,1.0,0.8916666666666667,0.9333333333333335,0.8555555555555557,0.6666666666666664
128,1.0,1.0,0.21333333333333335,1.0,0.8916666666666667,0.5,0.8916666666666667,0.75,1.0,1.0,1.0,0.8916666666666667,0.9333333333333335,0.8555555555555557,0.6666666666666664
129,1.0,1.0,0.21333333333333335,1.0,0.8916666666666667,0.5,0.8916666666666667,0.75,1.0,1.0,1.0,0.8916666666666667,0.9333333333333335,0.8555555555555557,0.6666666666666664
130,1.0,1.0,0.21333333333333335,1.0,0.8916666666666667,0.5,0.8916666666666667,0.75,1.0,1.0,1.0,0.8916666666666667,0.9333333333333335,0.8555555555555557,0.6666666666666664
131,1.0,1.0,0.21333333333333335,1.0,0.8916666666666667,0.5,0.8916666666666667,0.75,1.0,1.0,1.0,0.8916666666666667,0.9333333333333335,0.8555555555555557,0.6666666666666664
132,1.0,1.0,0.21333333333333335,1.0,0.8916666666666667,0.5,0.8916666666666667,0.75,1.0,1.0,1.0,0.8916666666666667,0.9333333333333335,0.8555555555555557,0.6666666666666664
133,1.0,1.0,0.21333333333333335,1.0,0.8916666666666667,0.5,0.8916666666666667,0.75,1.0,1.0,1.0,0.8916666666666667,0.9333333333333335,0.8555555555555557,0.6666666666666664
134,1.0,1.0,0.21333333333333335,1.0,0.8916666666666667,0.5,0.8916666666666667,0.75,1.0,1.0,1.0,0.8916666666666667,0.9333333333333335,0.8555555555555557,0.6666666666666664
135,1.0,1.0,0.21333333333333335,1.0,0.8916666666666667,0.5,0.8916666666666667,0.75,1.0,1.0,1.0,0.8916666666666667,0.9333333333333335,0.8555555555555557,0.6666666666666664
136,1.0,1.0,0.21333333333333335,1.0,0.8916666666666667,0.5,0.8916666666666667,0.75,1.0,1.0,1.0,0.8916666666666667,0.9333333333333335,0.8555555555555557,0.6666666666666664
137,1.0,1.0,0.21333333333333335,1.0,0.8916666666666667,0.5,0.8916666666666667,0.75,1.0,1.0,1.0,0.8916666666666667,0.9333333333333335,0.8555555555555557,0.6666666666666664
138,1.0,1.0,0.21333333333333335,1.0,0.8916666666666667,0.5,0.8916666666666667,0.75,1.0,1.0,1.0,0.8916666666666667,0.9333333333333335,0.8555555555555557,0.6666666666666664
139,1.0,1.0,0.21333333333333335,1.0,0.8916666666666667,0.5,0.8916666666666667,0.75,1.0,1.0,1.0,0.8916666666666667,0.9333333333333335,0.8555555555555557,0.6666666666666664
140,1.0,1.0,0.21333333333333335,1.0,0.8916666666666667,0.5,0.8916666666666667,0.75,1.0,1.0,1.0,0.8916666666666667,0.9333333333333335,0.8555555555555557,0.6666666666666664
141,1.0,1.0,0.21333333333333335,1.0,0.8916666666666667,0.5,0.8916666666666667,0.75,1.0,1.0,1.0,0.8916666666666667,0.9333333333333335,0.8555555555555557,0.6666666666666664
142,1.0,1.0,0.21333333333333335,1.0,0.8916666666666667,0.5,0.8916666666666667,0.75,1.0,1.0,1.0,0.8916666666666667,0.9333333333333335,0.8555555555555557,0.6666666666666664
143,1.0,1.0,0.21333333333333335,1.0,0.8916666666666667,0.5,0.8916666666666667,0.75,1.0,1.0,1.0,0.8916666666666667,0.9333333333333335,0.8555555555555557,0.6666666666666664
144,1.0,1.0,0.21333333333333335,1.0,0.8916666666666667,0.5,0.8916666666666667,0.75,1.0,1.0,1.0,0.8916666666666667,0.9333333333333335,0.8555555555555557,0.6666666666666664
145,1.0,1.0,0.21333333333333335,1.0,0.8916666666666667,0.5,0.8916666666666667,0.75,1.0,1.0,1.0,0.8916666666666667,0.9333333333333335,0.8555555555555557,0.6666666666666664
146,1.0,1.0,0.21333333333333335,1.0,0.8916666666666667,0.5,0.8916666666666667,0.75,1.0,1.0,1.0,0.8916666666666667,0.9333333333333335,0.8555555555555557,0.6666666666666664
147,1.0,1.0,0.21333333333333335,1.0,0.8916666666666667,0.5,0.8916666666666667,0.75,1.0,1.0,1.0,0.8916666666666667,0.9333333333333335,0.8555555555555557,0.6666666666666664
148,1.0,1.0,0.21333333333333335,1.0,0.8916666666666667,0.5,0.8916666666666667,0.75,1.0,1.0,1.0,0.8916666666666667,0.9333333333333335,0.8555555555555557,0.6666666666666664
149,1.0,1.0,0.21333333333333335,1.0,0.8916666666666667,0.5,0.8916666666666667,0.75,1.0,1.0,1.0,0.8916666666666667,0.9333333333333335,0.8555555555555557,0.6666666666666664
150,1.0,1.0,0.21333333333333335,1.0,0.8916666666666667,0.5,0.8916666666666667,0.75,1.0,1.0,1.0,0.8916666666666667,0.9333333333333335,0.8555555555555557,0.6666666666666664
151,1.0,1.0,0.21333333333333335,1.0,0.8916666666666667,0.5,0.8916666666666667,0.75,1.0,1.0,1.0,0.8916666666666667,0.9333333333333335,0.8555555555555557,0.6666666666666664
152,1.0,1.0,0.21333333333333335,1.0,0.8916666666666667,0.5,0.8916666666666667,0.75,1.0,1.0,1.0,0.8916666666666667,0.9333333333333335,0.8555555555555557,0.6666666666666664
153,1.0,1.0,0.21333333333333335,1.0,0.8916666666666667,0.5,0.8916666666666667,0.75,1.0,1.0,1.0,0.8916666666666667,0.9333333333333335,0.8555555555555557,0.6666666666666664
154,1.0,1.0,0.21333333333333335,1.0,0.8916666666666667,0.5,0.8916666666666667,0.75,1.0,1.0,1.0,0.8916666666666667,0.9333333333333335,0.8555555555555557,0.6666666666666664
155,1.0,1.0,0.21333333333333335,1.0,0.8916666666666667,0.5,0.8916666666666667,0.75,1.0,1.0,1.0,0.8916666666666667,0.9333333333333335,0.8555555555555557,0.6666666666666664
156,1.0,1.0,0.21333333333333335,1.0,0.8916666666666667,0.5,0.8916666666666667,0.75,1.0,1.0,1.0,0.8916666666666667,0.9333333333333335,0.8555555555555557,0.6666666666666664
157,1.0,1.0,0.21333333333333335,1.0,0.8916666666666667,0.5,0.8916666666666667,0.75,1.0,1.0,1.0,0.8916666666666667,0.9333333333333335,0.8555555555555557,0.6666666666666664
158,1.0,1.0,0.21333333333333335,1.0,0.8916666666666667,0.5,0.8916666666666667,0.75,1.0,1.0,1.0,0.8916666666666667,0.9333333333333335,0.8555555555555557,0.6666666666666664
159,1.0,1.0,0.21333333333333335,1.0,0.8916666666666667,0.5,0.8916666666666667,0.75,1.0,1.0,1.0,0.8916666666666667,0.9333333333333335,0.8555555555555557,0.6666666666666664
160,1.0,1.0,0.21333333333333335,1.0,0.8916666666666667,0.5,0.8916666666666667,0.75,1.0,1.0,1.0,0.8916666666666667,0.9333333333333335,0.8555555555555557,0.6666666666666664
161,1.0,1.0,0.21333333333333335,1.0,0.8916666666666667,0.5,0.8916666666666667,0.75,1.0,1.0,1.0,0.8916666666666667,0.9333333333333335,0.8555555555555557,0.6666666666666664
162,1.0,1.0,0.21333333333333335,1.0,0.8916666666666667,0.5,0.8916666666666667,0.75,1.0,1.0,1.0,0.8916666666666667,0.9333333333333335,0.8555555555555557,0.6666666666666664
163,1.0,1.0,0.21333333333333335,1.0,0.8916666666666667,0.5,0.8916666666666667,0.75,1.0,1.0,1.0,0.8916666666666667,0.9333333333333335,0.8555555555555557,0.6666666666666664
164,1.0,1.0,0.21333333333333335,1.0,0.8916666666666667,0.5,0.8916666666666667,0.75,1.0,1.0,1.0,0.8916666666666667,0.9333333333333335,0.8555555555555557,0.6666666666666664
